keyword,status,sample_competitor_urls
actuele rente zakelijke lening,gap,
actuele rente zakelijke lening rabobank,gap,
beobank kredietlijn verhogen,gap,
blue water factoring,gap,
blue water factoring company,gap,
btw,covered,https://new10.com/blog/3-stappen-btw-aangifte;https://www.floryn.com/blog/zaken-doen-in-het-buitenland-hoe-zit-het-dan-met-btw;https://www.floryn.com/blog/geld-reserveren-voor-btw-en-inkomstenbelasting-hoe-pak-je-dat-aan
btw aangifte,gap,
btw aangifte 2025,gap,
btw aangifte 2e kwartaal 2025,gap,
btw aangifte belastingdienst,gap,
btw aangifte data,gap,
btw aangifte doen,gap,
btw aangifte ondernemers,gap,
btw afkorting,gap,
btw auto,gap,
btw auto kopen,gap,
btw belasting,gap,
btw belgie,gap,
btw bereken,gap,
btw berekenen,gap,
btw berekenen 9,gap,
btw berekenen formule,gap,
btw betalen,gap,
btw betekenis,gap,
btw boeken,gap,
btw buitenland terugvragen,gap,
btw calculator,gap,
btw carrouselfraude,gap,
btw centrale,gap,
btw check,gap,
btw check nederland,gap,
btw code,gap,
btw compensatie huur,gap,
btw compensatiefonds,gap,
btw correctie auto,gap,
btw correctie youngtimer,gap,
btw hoe werkt het,gap,
btw hoedanigheid,gap,
btw hoefsmid,gap,
btw hoeveel procent,gap,
btw nummer,gap,
btw nummer controleren,gap,
btw nummer opzoeken,gap,
btw verlegd,gap,
btw vies check,gap,
btw wat betekent dat,gap,
btw wat is dat,gap,
btw water,gap,
btw water 2025,gap,
btw water belgie,gap,
btw water softener,gap,
btw waterschapsbelasting,gap,
btw waterslaeghers,gap,
btw welke,gap,
btw welke maanden,gap,
buy way kredietlijn,gap,
buy way kredietlijn zonder kaart,gap,
bwt waterfilter,gap,
cofidis kredietlijn,gap,
factoring,covered,https://new10.com/factoring;http://www.capitalbox.nl/blog/factoring;https://www.floryn.com/blog/factuur-verkopen
factoring aanvragen,gap,
factoring abn amro,gap,
factoring ac method,gap,
factoring agreement,gap,
factoring agreement meaning,gap,
factoring agreement parties,gap,
factoring agreement template,gap,
factoring algebra,gap,
factoring anbieter Ã¶sterreich,gap,
factoring australia,gap,
factoring bank,gap,
factoring bedrijf,gap,
factoring bedrijven,gap,
factoring bedrijven nederland,gap,
factoring belfius,gap,
factoring belgie,gap,
factoring betekenis,gap,
factoring bnp,gap,
factoring btw,gap,
factoring btw besluit,gap,
factoring cbn,gap,
factoring ceska sporitelna,gap,
factoring cheat sheet,gap,
factoring citibank,gap,
factoring company,gap,
factoring company definition,gap,
factoring contract,gap,
factoring contract template,gap,
factoring costs,gap,
factoring cs,gap,
factoring facturen,gap,
factoring hoe werkt het,gap,
factoring kosten,gap,
factoring rabobank,gap,
factoring wat is,gap,
factoring wat is dat,gap,
factoring zzp,gap,
factoringmaatschappij,gap,
hoe btw berekenen,gap,
hoe factoring boeken,gap,
hoe hoger solvabiliteit hoe beter,gap,
hoe solvabiliteit berekenen,gap,
hoe solvabiliteit verbeteren,gap,
hoe werkkapitaal berekenen,gap,
hoe werkkapitaal verbeteren,gap,
hoeveel btw op alcohol,gap,
hoeveel btw op auto,gap,
hoeveel btw op diensten,gap,
hoeveel btw op kleding,gap,
hoeveel btw op nieuwbouw,gap,
hoeveel rente zakelijke lening ing,gap,
hoeveel rente zakelijke lening rabobank,gap,
hoeveel solvabiliteit is goed,gap,
hoeveel werkkapitaal nodig,gap,
ing zakelijke lening contact,gap,
kredietlijn,covered,http://www.capitalbox.nl/blog/een-kredietlijn-geschikt-voor-uw-bedrijf;http://www.capitalbox.nl/zakelijk-krediet
kredietlijn aanvragen,gap,
kredietlijn aanvragen facebook,gap,
kredietlijn bank,gap,
kredietlijn bedrijf,gap,
kredietlijn belfius,gap,
kredietlijn beobank,gap,
kredietlijn betekenis,gap,
kredietlijn bnp paribas fortis,gap,
kredietlijn crelan,gap,
kredietlijn kbc,gap,
kredietlijn op zichtrekening,gap,
kredietlijn openen,gap,
kredietlijnen,gap,
kredietlijnprovisie,gap,
netpoint factoring wat is dat,gap,
netto werkkapitaal analyse,gap,
psd2,covered,https://www.floryn.com/blog/floryn-ontvangt-psd2-vergunning-van-dnb;https://www.floryn.com/blog/psd2-koppeling-vernieuwen-mobiel;https://www.floryn.com/kennisbank/wat-zijn-de-voordelen-van-psd2-voor-mij
psd2 abn amro,gap,
psd2 abn amro exact online,gap,
psd2 act,gap,
psd2 adyen,gap,
psd2 aggregator,gap,
psd2 ais,gap,
psd2 aisp,gap,
psd2 api,gap,
psd2 app,gap,
psd2 article 97,gap,
psd2 bank,gap,
psd2 banking,gap,
psd2 bankkoppeling,gap,
psd2 bankkoppeling snelstart,gap,
psd2 belgie,gap,
psd2 berlin group,gap,
psd2 betaling,gap,
