hub,keyword,top_domains
other,zakelijke lening,"abnamro.nl, new10.com, rabobank.nl, qredits.nl, capitalbox.nl"
other,kredietlijn,"mozzeno.com, lookandfin.com, cofidis.be, eijgenfinance.nl, briqwise.com"
other,beobank kredietlijn verhogen,"beobank.be, cdn.beobank.be, spaargids.be"
other,abn amro doorlopend krediet zakelijk,"abnamro.nl, new10.com, bnnvara.nl"
other,abn amro zakelijk doorlopend krediet,"abnamro.nl, new10.com, bnnvara.nl"
other,abn zakelijk doorlopend krediet,"abnamro.nl, new10.com, bnnvara.nl, zakelijkelening.nl, zakelijkelening.com"
other,bereidstellingsprovisie rekening courant krediet,"ing.nl, abnamro.nl, mnadviseurs.nl, cnoop.nl, rabobank.nl"
other,bkr inlog zakelijk,"bkr.nl, mijnkredietregistratie.nl, zakelijk.bkr.nl, ing.nl, abnamro.nl"
other,bkr registratie telefoon zakelijk,"vodafone.nl, kpn.com, boom-in-business.nl, bloeise.nl, mobiel.nl"
other,bkr registratie zakelijk,"bkr.nl, mijnkredietregistratie.nl, regiobank.nl, floryn.com, rabobank.nl"
other,bkr registratie zakelijk krediet,"bkr.nl, mijnkredietregistratie.nl, floryn.com, regiobank.nl, capitalbox.nl"
other,bkr zakelijk,"bkr.nl, mijnkredietregistratie.nl, zakelijk.bkr.nl, regiobank.nl, autoriteitpersoonsgegevens.nl"
other,bkr zakelijk bellen,"bkr.nl, mijnkredietregistratie.nl, vodafone.nl, kpn.com, rabobank.nl"
other,bkr zakelijk contact,"bkr.nl, mijnkredietregistratie.nl, rabobank.nl, coderingvrij.nl, autoriteitpersoonsgegevens.nl"
other,bkr zakelijk inloggen,"bkr.nl, mijnkredietregistratie.nl, zakelijk.bkr.nl, floryn.com, abnamro.nl"
other,bkr zakelijk inzien,"bkr.nl, mijnkredietregistratie.nl, zakelijk.bkr.nl, autoriteitpersoonsgegevens.nl, regiobank.nl"
other,bkr zakelijk krediet,"bkr.nl, mijnkredietregistratie.nl, regiobank.nl, floryn.com, capitalbox.nl"
other,bkr zakelijk opvragen,"bkr.nl, mijnkredietregistratie.nl, zakelijk.bkr.nl, regiobank.nl, autoriteitpersoonsgegevens.nl"
other,bkr zakelijk portaal,"bkr.nl, mijnkredietregistratie.nl, boxtel.bestuurlijkeinformatie.nl, zakelijk.bkr.nl, spielwork.com"
other,bkr zakelijk portaal inloggen,"bkr.nl, mijnkredietregistratie.nl, zakelijk.bkr.nl, boxtel.bestuurlijkeinformatie.nl"
other,bkr zakelijk telefoonnummer,"bkr.nl, mijnkredietregistratie.nl, regiobank.nl, autoriteitpersoonsgegevens.nl, coderingvrij.nl"
other,bkr zakelijke lease,"financialleasezzp.nl, anwb.nl, shortleaseland.nl, regeljelease.nl, leasefinancier.nl"
other,bkr zakelijke lening,"bkr.nl, mijnkredietregistratie.nl, zakelijkelening.nl, floryn.com, bieb.knab.nl"
other,bmw x1,"bmw.nl, van-poelgeest.nl, autoscout24.nl, demaasschebmw.nl, gaspedaal.nl"
other,bmw x2,"bmw.nl, autoscout24.nl, van-poelgeest.nl, ekris.nl, gaspedaal.nl"
other,bmw x3,"bmw.nl, autoscout24.nl, dusseldorpbmw.nl, autoblog.nl, uw-bmw-occasions.nl"
other,bmw x3 hybride,"bmw.nl, van-poelgeest.nl, gaspedaal.nl, vakgaragejelsma.nl, uw-bmw-occasions.nl"
other,bmw x4,"bmw.nl, van-poelgeest.nl, dusseldorpbmw.nl, autoscout24.nl, uw-bmw-occasions.nl"
other,bmw x5,"bmw.nl, autoscout24.nl, van-poelgeest.nl, gaspedaal.nl, nl.wikipedia.org"
other,bmw x5 m,"bmw.nl, van-poelgeest.nl, autoscout24.nl, dusseldorpbmw.nl, oostlandbmw.nl"
other,bmw x6,"bmw.nl, autoscout24.nl, uw-bmw-occasions.nl, gaspedaal.nl, van-poelgeest.nl"
other,bmw x7,"bmw.nl, autoscout24.nl, van-poelgeest.nl, ekris.nl, dusseldorpbmw.nl"
other,bmw xm,"bmw.nl, ekris.nl, van-poelgeest.nl, autoscout24.nl, dusseldorpbmw.nl"
rente,zakelijke lening rente,"qeld.nl, new10.com, abnamro.nl, rabobank.nl, credion.eu"
rente,actuele rente zakelijke lening,"rabobank.nl, qeld.nl, abnamro.nl, regiobank.nl, dnb.nl"
rente,actuele rente zakelijke lening rabobank,"rabobank.nl, abnamro.nl"
rente,actuele rente rekening courant krediet,"rabobank.nl, regiobank.nl, nederlandskredietcollectief.nl, ing.nl, dnb.nl"
werkkapitaal,werkkapitaal,"nl.wikipedia.org, rabobank.nl, cmenp.nl, beequip.com, kvk.nl"
calculators,btw berekenen,"btwberekenen24.nl, hagra.nl, rabobank.nl, berekenen.nl, btwberekeneninfo.nl"
calculators,btw bereken,"btwberekenen24.nl, hagra.nl, rabobank.nl, berekenen.nl, btw-bereken.nl"
calculators,btw berekenen 9,"hagra.nl, btwberekenen24.nl, berekenen.nl, btw-bereken.nl, rabobank.nl"
calculators,btw berekenen formule,"belastingdienst.nl, btwberekenen24.nl, rabobank.nl, berekenen.nl, taxcel.nl"
calculators,btw calculator,"btwberekenen24.nl, hagra.nl, rabobank.nl, btw-calculator.nl, btw-bereken.nl"
calculators,aflossing lening berekenen excel,"support.microsoft.com, cfcb.nl, handleidingexcel.nl, cdn.prod.website-files.com, clickup.com"
calculators,aflossingstabel lening berekenen excel,"cdn.prod.website-files.com, cfcb.nl, clickup.com, support.microsoft.com, handleidingexcel.nl"
calculators,annuïtaire lening berekenen excel,"snelexcel.nl, x-cel.nl, berekenhet.nl, excelvoorbeelden.nl, support.microsoft.com"
calculators,bank lening calculator,"abnamro.nl, rabobank.nl, geld.nl, ing.nl, freo.nl"
calculators,belfius lening calculator,belfius.be
calculators,berekenen lening op afbetaling,"berekenhet.nl, geld.nl, abnamro.nl, rabobank.nl, denederlandsekredietmaatschappij.nl"
calculators,berekenen van lening,"rabobank.nl, berekenhet.nl, abnamro.nl, geld.nl, regiobank.nl"
factoring,blue water factoring,"facebook.com, partners.efsllc.com, bluewatergrpusa.com, bluewatercapitalinc.com, thebluefactor.nl"
factoring,blue water factoring company,"bluewatergrpusa.com, partners.efsllc.com, bluewatercapitalinc.com, bluewaterportfolios.com, bluewaterfinancialllc.com"
factoring,abn factuur verkopen,"abnamro.nl, abnamrocomfin.com, nunia.nl, mtsprout.nl, wefact.nl"
factoring,auto verkopen factuur maken,"zzpfact-software.nl, higherlevel.nl, voorbeeld-office.com, adiladministratie.nl, inv24.nl"
factoring,auto verkopen factuur voorbeeld,"zzpfact-software.nl, voorbeeld-office.com, inv24.nl, auto-verkoopgids.be, higherlevel.nl"
factoring,btw factuur,"belastingdienst.nl, wefact.nl, stripe.com, factuur-assist.nl, goedestartbelastingdienst.nl"
factoring,btw factuur aliexpress,"reddit.com, jortt.nl, paperdork.nl, higherlevel.nl, gathering.tweakers.net"
btw,btw aangifte,"belastingdienst.nl, ondernemersplein.overheid.nl, goedestartbelastingdienst.nl, kvk.nl"
btw,btw aangifte 2025,"belastingdienst.nl, goedestartbelastingdienst.nl, rabobank.nl, informer.nl, goedoporde.nl"
btw,btw aangifte 2e kwartaal 2025,"belastingdienst.nl, informer.nl, rabobank.nl, fiscaal-online.nl, goedestartbelastingdienst.nl"
btw,btw aangifte belastingdienst,"belastingdienst.nl, ondernemersplein.overheid.nl"
btw,btw aangifte data,"belastingdienst.nl, informer.nl, capitalbox.nl, kvk.nl, ondernemersplein.overheid.nl"
btw,btw aangifte doen,"belastingdienst.nl, ondernemersplein.overheid.nl, goedestartbelastingdienst.nl, moneymonk.nl, snelstart.nl"
btw,btw aangifte ondernemers,"belastingdienst.nl, ondernemersplein.overheid.nl, kvk.nl, mkbservicedesk.nl"
btw,btw afkorting,"belastingdienst.nl, eumonitor.nl, onzetaal.nl, encyclo.nl, nl.bab.la"
btw,btw auto,"belastingdienst.nl, financiallease.nl, vaartland.nl, auto.nl, viabovag.nl"
btw,btw auto kopen,"rijksoverheid.nl, vaartland.nl, viabovag.nl, autoweek.nl, financiallease.nl"
btw,btw belasting,"belastingdienst.nl, ondernemersplein.overheid.nl, rabobank.nl, kvk.nl, paperdork.nl"
btw,btw belgie,"belgium.be, accountable.eu, nl.wikipedia.org, schipperaccountants.nl, getgekko.com"
btw,btw betalen,"belastingdienst.nl, ondernemersplein.overheid.nl, rabobank.nl, rijksoverheid.nl, goedestartbelastingdienst.nl"
btw,btw betekenis,"belastingdienst.nl, eumonitor.nl, informer.nl, encyclo.nl, ondernemersplein.overheid.nl"
btw,btw boeken,"belastingdienst.nl, sra.nl, ondernemersplein.overheid.nl, boekengilde.nl, klippa.com"
btw,btw buitenland terugvragen,"belastingdienst.nl, ondernemersplein.overheid.nl, europa.eu, mkbservicedesk.nl, jongbloed-fiscaaljuristen.nl"
btw,btw carrouselfraude,"belastingdienst.nl, nl.wikipedia.org, inview.nl, huygenlammersadvocaten.nl, billit.eu"
btw,btw centrale,"de-centrale.nl, btw-zonnepanelen.nl, belastingdienst.nl, feedbackcompany.com, facebook.com"
btw,btw check,"belastingdienst.nl, europa.eu, controleerbtwnummer.eu, btw-nummer-controle.nl, btwchecker.nl"
btw,btw check nederland,"belastingdienst.nl, europa.eu, kvk.nl, btw-nummer-controle.nl, controleerbtwnummer.eu"
btw,btw code,"belastingdienst.nl, kvk.nl, appwiki.nl, ondernemersplein.overheid.nl, klant.afas.nl"
btw,btw compensatie huur,"brainsandbricks.nl, huurdersland.nl, oppject.nl, redept.nl, rentreview.nl"
btw,btw compensatiefonds,"rijksfinancien.nl, wetten.overheid.nl, vng.nl, nl.wikipedia.org, marienburggroep.nl"
btw,btw correctie auto,"belastingdienst.nl, goedestartbelastingdienst.nl, jongbloed-fiscaaljuristen.nl, bakertilly.nl, esj.nl"
btw,btw correctie youngtimer,"auto-timon.nl, belastingdienst.nl, movemove.com, geotrack.nl, webministratie.nl"
btw,btw hoe werkt het,"belastingdienst.nl, informer.nl, sumup.com, goedestartbelastingdienst.nl, ondernemersplein.overheid.nl"
btw,btw hoedanigheid,"belastingdienst.nl, sanacount.nl, axp.nl, inview.nl, devriestaxadvisors.nl"
btw,btw hoefsmid,"dehippischeondernemer.nl, aaff.nl, belastingdienst.nl, fnrs.nl, mijnzzp.nl"
btw,btw hoeveel procent,"belastingdienst.nl, mkbservicedesk.nl, ondernemersplein.overheid.nl, rabobank.nl, onderneming.nl"
btw,btw nummer,"belastingdienst.nl, kvk.nl, ondernemersplein.overheid.nl, nl.wikipedia.org, europa.eu"
btw,btw nummer controleren,"belastingdienst.nl, europa.eu, btw-nummer-controle.nl, kvk.nl, controleerbtwnummer.eu"
btw,btw nummer opzoeken,"kvk.nl, belastingdienst.nl, europa.eu, rabobank.nl, ondernemersplein.overheid.nl"
btw,btw verlegd,"belastingdienst.nl, mkbservicedesk.nl, wefact.nl, accountable.eu, onderneming.nl"
btw,btw vies check,"europa.eu, belastingdienst.nl, kvk.nl, financien.belgium.be, controleerbtwnummer.eu"
btw,btw wat betekent dat,"belastingdienst.nl, eumonitor.nl, informer.nl, examenoverzicht.nl, ondernemersplein.overheid.nl"
btw,btw wat is dat,"belastingdienst.nl, informer.nl, ondernemersplein.overheid.nl, sumup.com, examenoverzicht.nl"
btw,btw water,"belastingdienst.nl, waterbedrijfgroningen.nl, waternet.nl, brabantwater.nl, pwn.nl"
btw,btw water 2025,"belastingdienst.nl, pwn.nl, brabantwater.nl, waternet.nl, vitens.nl"
btw,btw water belgie,"farys.be, belgium.be, accountable.eu, dewatergroep.be, dexxter.be"
btw,btw water softener,"bwt.com, youtube.com, belastingdienst.nl, bwtshop.co.uk, robvanwijck.nl"
btw,aangifte omzetbelasting q2,"belastingdienst.nl, informer.nl, ondernemersplein.overheid.nl, goedestartbelastingdienst.nl, kvk.nl"
btw,aangifte omzetbelasting q3,"belastingdienst.nl, ondernemersplein.overheid.nl, informer.nl, kvk.nl, fiscaal-online.nl"
btw,aangifte omzetbelasting q4 2024,"belastingdienst.nl, fnvzzp.nl, goedestartbelastingdienst.nl, sharepeople.nl, flowbizz.nl"
btw,aangifte omzetbelasting wat is dat,"ondernemersplein.overheid.nl, belastingdienst.nl, kvk.nl, fiscaal-online.nl, goedestartbelastingdienst.nl"
btw,bijtelling omzetbelasting youngtimer,"belastingdienst.nl, auto-timon.nl, anwb.nl, movemove.com, geotrack.nl"
btw,btw,"belastingdienst.nl, ondernemersplein.overheid.nl, btwberekenen24.nl, nl.wikipedia.org, rijksoverheid.nl"
btw,btw dagen mediamarkt,"mediamarkt.nl, techtastic.nl, studentenwegwijzer.nl, bnnvara.nl, dedatumvandaag.nl"
btw,btw denemarken,"belastingdienst.nl, staxxer.com, europa.eu, taxcel.nl, nl.wikipedia.org"
btw,btw diensten,"belastingdienst.nl, ondernemersplein.overheid.nl, mkbservicedesk.nl, zzp-nederland.nl, rijksoverheid.nl"
btw,btw diensten binnen eu,"belastingdienst.nl, europa.eu, ondernemersplein.overheid.nl, goedestartbelastingdienst.nl, kvk.nl"
btw,btw diensten buiten eu,"belastingdienst.nl, ondernemersplein.overheid.nl, mkbservicedesk.nl, sra.nl, helpcenter.moneybird.nl"
btw,btw drank,"belastingdienst.nl, btwberekening.nl, support.konacom.nl, buroburmanje.nl, btwberekenen24.nl"
btw,btw duits,"mijnwoordenboek.nl, context.reverso.net, nedtax.nl, linguee.nl, vertalen.nu"
btw,btw duitsland,"nedtax.nl, grensinfo.nl, europa.eu, berekenenbtw.net, moore-drv.nl"
btw,btw duitsland 2025,"dezaak.nl, asd-int.com, europa.eu, intervat.com, nl.wikipedia.org"
btw,btw duitsland terugvragen,"belastingdienst.nl, ondernemersplein.overheid.nl, europa.eu, nedax.nl, intervat.com"
btw,btw energie,"rijksoverheid.nl, pure-energie.nl, energie-nederland.nl, cbs.nl, anwb.nl"
btw,btw energie 2025,"rijksoverheid.nl, anwb.nl, pure-energie.nl, milieucentraal.nl, gaslicht.com"
btw,btw engeland,"belastingdienst.nl, info.hub.brussels, kvk.nl, stripe.com, informer.nl"
btw,btw engels,"nl.bab.la, wordreference.com, context.reverso.net, linguee.nl, dictionary.cambridge.org"
btw,btw erbij rekenen,"btwberekenen24.nl, berekenen.nl, rabobank.nl, btw-bereken.nl, belastingdienst.nl"
btw,btw eruit halen,"btwberekenen24.nl, btw-calculator.nl, btwterugrekenen.nl, hagra.nl, rabobank.nl"
btw,btw eten,"belastingdienst.nl, btwberekening.nl, geenboekhoudernodig.nl, vanpasse.nl, support.konacom.nl"
btw,btw eten en drinken,"belastingdienst.nl, geenboekhoudernodig.nl, btwberekening.nl, getgekko.com, bvradvies.nl"
btw,btw eu landen,"belastingdienst.nl, europa.eu, moore-drv.nl, dezaak.nl, nl.wikipedia.org"
btw,btw eu terugvragen,"belastingdienst.nl, ondernemersplein.overheid.nl, europa.eu, jortt.nl, mkbservicedesk.nl"
btw,btw fiets van de zaak,"belastingdienst.nl, ondernemersplein.overheid.nl, jonglaan.nl, rabobank.nl, aaff.nl"
btw,btw finland,"pincvision.com, europa.eu, fastvat.com, asd-int.com, taxcel.nl"
btw,btw fix dropshipping,"goedestartbelastingdienst.nl, btwvrijdropshipping.nl, btwfixers.nl, kennisgroepen.belastingdienst.nl, dropshipboekhouder.nl"
btw,btw food,"belastingdienst.nl, btwberekening.nl, support.konacom.nl, buroburmanje.nl, vanpasse.nl"
btw,btw formulier,"belastingdienst.nl, goedestartbelastingdienst.nl, ondernemersplein.overheid.nl, credo-ondernemingsplan.nl, bridgefund.nl"
btw,btw fotograaf,"paperdork.nl, belastingdienst.nl, cameranu.nl, kvk.nl, vergelijk-factuurprogramma.nl"
btw,btw frankrijk,"asd-int.com, avats.fr, stripe.com, intervat.com, europa.eu"
btw,btw frisdrank,"belastingdienst.nl, vanpasse.nl, rijksoverheid.nl, support.konacom.nl, btwberekeneninfo.nl"
btw,btw garage,"belastingdienst.nl, vanberkelaccountants.nl, jongbloed-fiscaaljuristen.nl, property.nl, sra.nl"
btw,btw garage reparatie,"bnnvara.nl, belastingdienst.nl, autopartsonline.nl, higherlevel.nl, btwadvies.com"
btw,btw gemeenten,"rijksfinancien.nl, vng.nl, fiscaalvanmorgen.nl, marienburggroep.nl, nl.wikipedia.org"
btw,btw glas vervangen,"belastingdienst.nl, glas.nl, groningerglasschade.nl, vanreenenglas.nl, glasbreukherstel.nl"
btw,btw glaszetten,"belastingdienst.nl, glas.nl, vanreenenglas.nl, groningerglasschade.nl, glasbreukherstel.nl"
btw,btw glazenwasser,"facto.nl, kvk.nl, belastingdienst.nl, intrakoop.nl, schoonmakendnederland.nl"
btw,btw gras op stam,"belastingdienst.nl, goedestartbelastingdienst.nl, cumela.nl, flynth.nl, schipperaccountants.nl"
btw,btw griekenland,"asd-int.com, payproglobal.com, moore-drv.nl, taxcel.nl, nl.wikipedia.org"
btw,btw groente en fruit,"cpb.nl, nos.nl, rijksoverheid.nl, belastingdienst.nl, khn.nl"
btw,btw groente en fruit 2025,"belastingdienst.nl, vermetten.nl, countus.nl, lto.nl, flynth.nl"
btw,btw hagra,"hagra.nl, library.wur.nl, companyweb.be, bizzy.org"
btw,btw hoofdletters,"onzetaal.nl, tekstbureautrefpunt.nl, salestaalent.nl, taaleidoscoop.nl, vlaanderen.be"
btw,btw hoog,"belastingdienst.nl, ficsus.nl, mkbservicedesk.nl, getgekko.com, ondernemersplein.overheid.nl"
btw,btw hoog tarief,"belastingdienst.nl, ficsus.nl, mkbservicedesk.nl, getgekko.com, ondernemersplein.overheid.nl"
btw,btw hoog tarief 2025,"belastingdienst.nl, asd-int.com, goedestartbelastingdienst.nl, mkbservicedesk.nl, lto.nl"
btw,btw horeca,"belastingdienst.nl, support.konacom.nl, vanpasse.nl, buroburmanje.nl, aaff.nl"
btw,btw horeca 2025,"belastingdienst.nl, aaff.nl, weadeltaland.nl, goedestartbelastingdienst.nl, derestaurantkrant.nl"
btw,btw hotelovernachting,"belastingdienst.nl, ondernemersplein.overheid.nl, onderneming.nl, vanpasse.nl, ikwordzzper.nl"
btw,btw hotelovernachting 2025,"belastingdienst.nl, ondernemersplein.overheid.nl, rijksfinancien.nl, btwinstituut.nl, hiswarecron.nl"
btw,btw hotelovernachting buitenland,"belastingdienst.nl, onderneming.nl, informer.nl, ondernemersplein.overheid.nl, vanpasse.nl"
btw,btw id aanvragen young ones,"faq.nl.freelancer.youngones.com, youtube.com, belastingdienst.nl, youngones.com, help.temper.works"
btw,btw id checken,"belastingdienst.nl, europa.eu, ondernemersplein.overheid.nl, kvk.nl, btw-nummer-controle.nl"
btw,btw id opzeggen,"faq.nl.freelancer.youngones.com, belastingdienst.nl, kvk.nl, help.temper.works, reddit.com"
btw,btw identificatienummer,"belastingdienst.nl, ondernemersplein.overheid.nl, kvk.nl, europa.eu, nl.wikipedia.org"
btw,btw ierland,"asd-int.com, belastingdienst.nl, moore-drv.nl, europa.eu, nl.wikipedia.org"
btw,btw in belgium,"belgium.be, accountable.eu, nl.wikipedia.org, schipperaccountants.nl, getgekko.com"
btw,btw in duitsland,"asd-int.com, nedtax.nl, berekenenbtw.net, stripe.com, moore-drv.nl"
btw,btw in engels,"nl.bab.la, context.reverso.net, linguee.nl, dictionary.cambridge.org, wordreference.com"
btw,btw in het engels,"nl.bab.la, context.reverso.net, linguee.nl, dictionary.cambridge.org, wordreference.com"
btw,btw italie,"stripe.com, payproglobal.com, asd-int.com, europa.eu, berekenenbtw.net"
btw,btw jaaraangifte,"belastingdienst.nl, goedestartbelastingdienst.nl, ondernemersplein.overheid.nl, ficsus.nl, kvk.nl"
btw,btw jaarplaats camping,"hiswarecron.nl, belastingdienst.nl, boerderij.nl, ad.nl, kampeermagazine.nl"
btw,btw jachthaven,"belastingdienst.nl, watersportverbond.nl, hogeraad.nl, fiscount.nl, fiscaalvanmorgen.nl"
btw,btw januari 2026,"belastingdienst.nl, grantthornton.nl, pwc.nl, ondernemersplein.overheid.nl, jan.nl"
btw,btw japan,"belastingdienst.nl, payproglobal.com, nl.wikipedia.org, stripe.com, reisvormen.nl"
btw,btw jeugdzorg,"belastingdienst.nl, sociaalweb.nl, sra.nl, jeugdautoriteit.nl, wetten.overheid.nl"
btw,btw journalistiek,"belastingdienst.nl, nvj.nl, auteursbond.nl, rabobank.nl, lexlupa.com"
btw,btw juridische kosten,"belastingdienst.nl, berttol.nl, hertoghsadvocaten.nl, njb.nl, ontslag-krijgen.nl"
btw,btw jurisprudentie,"btwjurisprudentie.nl, nieuwenhuizen.info, smeetskring.com, fiscaalvanmorgen.nl, btw-adviseurs.nl"
btw,btw kapper,"belastingdienst.nl, jongbloed-fiscaaljuristen.nl, kappersadministratie.nl, anko.nl, dvi.nl"
btw,btw kleding,"belastingdienst.nl, getgekko.com, mkbservicedesk.nl, goedestartbelastingdienst.nl, ondernemersplein.overheid.nl"
btw,btw koffie,"giocoffee.nl, belastingdienst.nl, btwberekening.nl, support.konacom.nl, bamboek.nl"
btw,btw kor,"ondernemersplein.overheid.nl, kvk.nl, belastingdienst.nl, goedestartbelastingdienst.nl, rabobank.nl"
btw,btw kranten,"belastingdienst.nl, nvj.nl, ipsos-publiek.nl, kvgo.nl, magezino.nl"
btw,btw kunst,"belastingdienst.nl, beeldrijk.org, beroepkunstenaar.nl, bbknet.nl, cultuurloket.be"
btw,btw kwartaalaangifte,"belastingdienst.nl, goedestartbelastingdienst.nl, ondernemersplein.overheid.nl, informer.nl, rabobank.nl"
btw,btw kwartalen,"belastingdienst.nl, informer.nl, ondernemersplein.overheid.nl, goedestartbelastingdienst.nl, fiscaal-online.nl"
btw,btw kwartalen 2025,"belastingdienst.nl, informer.nl, rabobank.nl, goedestartbelastingdienst.nl, kvk.nl"
btw,btw laag sligro,"sligro.nl, belastingdienst.nl, jortt.nl, mkbservicedesk.nl, shop.ottos.nl"
btw,btw laag tarief,"belastingdienst.nl, rabobank.nl, pwc.nl, goedestartbelastingdienst.nl, getgekko.com"
btw,btw laag tarief 2025,"belastingdienst.nl, asd-int.com, goedestartbelastingdienst.nl, lto.nl, mkbservicedesk.nl"
btw,btw laag tarief sligro,"sligro.nl, belastingdienst.nl, jortt.nl, btwberekenen24.nl, webwinkelforum.nl"
btw,btw landen eu,"belastingdienst.nl, europa.eu, nl.wikipedia.org, evofenedex.nl, dezaak.nl"
btw,btw litouwen,"asd-int.com, belastingdienst.nl, moore-drv.nl, europa.eu, nl.wikipedia.org"
btw,btw logies,"belastingdienst.nl, ondernemersplein.overheid.nl, taxence.nl, hiswarecron.nl, rijksfinancien.nl"
btw,btw logies 2026,"belastingdienst.nl, ondernemersplein.overheid.nl, moore-mkw.nl, aaff.nl, khn.nl"
btw,btw loodgieter,"belastingdienst.nl, offerteadviseur.nl, rotterdam-loodgietersbedrijf.nl, corvanmeer.nl, homedeal.nl"
btw,btw luxemburg,"asd-int.com, trade.ec.europa.eu, moore-drv.nl, nl.wikipedia.org, europa.eu"
btw,btw maanden,"belastingdienst.nl, goedestartbelastingdienst.nl, informer.nl, ondernemersplein.overheid.nl, stichtingenenverenigingenloket.nl"
btw,btw makelaar,"makelaarkosten.nl, hrmakelaars.nl, vergelijkmakelaarsonline.nl, aankoopinformatie.nl, nvm.nl"
btw,btw marge auto,"belastingdienst.nl, auto.nl, vaartland.nl, anwb.nl, mkbservicedesk.nl"
btw,btw margeregeling,"belastingdienst.nl, ondernemersplein.overheid.nl, schipperaccountants.nl, autohaarhuis.nl, jortt.nl"
btw,btw meaning,"collinsdictionary.com, dictionary.cambridge.org, reddit.com, intercompanysolutions.com, dictionary.com"
btw,btw medicijnen,"belastingdienst.nl, pwc.nl, accountancyvanmorgen.nl, mkbservicedesk.nl, rijksfinancien.nl"
btw,btw met hoofdletters,"onzetaal.nl, salestaalent.nl, tekstbureautrefpunt.nl, taaleidoscoop.nl, vlaanderen.be"
btw,btw met of zonder hoofdletters,"onzetaal.nl, tekstbureautrefpunt.nl, salestaalent.nl, taaleidoscoop.nl, vlaanderen.be"
btw,btw motor,"motor-forum.nl, combimotors.nl, motorenleasen.nl, bmw-motorrad.nl, friesemotorexperts.nl"
btw,btw muziekles volwassenen,"belastingdienst.nl, ntb.nl, thepianoacademy.nl, palander.nl, fullfinance.nl"
btw,btw nederland,"belastingdienst.nl, btwnederland.nl, mkbservicedesk.nl, rydoo.com, ondernemersplein.overheid.nl"
btw,btw nr opzoeken,"belastingdienst.nl, kvk.nl, rabobank.nl, europa.eu, ondernemersplein.overheid.nl"
btw,btw nummer aanvragen,"belastingdienst.nl, kvk.nl, ondernemersplein.overheid.nl, faq.nl.freelancer.youngones.com, help.temper.works"
btw,btw nummer checken,"kvk.nl, europa.eu, belastingdienst.nl, btw-nummer-controle.nl, controleerbtwnummer.eu"
btw,btw nummer opvragen,"belastingdienst.nl, kvk.nl, ondernemersplein.overheid.nl, rabobank.nl, bedrijven-uittreksel.nl"
btw,btw nummer opzeggen,"belastingdienst.nl, faq.nl.freelancer.youngones.com, staxxer.com, reddit.com, kvk.nl"
btw,btw nummer zoeken,"kvk.nl, belastingdienst.nl, rabobank.nl, ondernemersplein.overheid.nl, bedrijven-uittreksel.nl"
btw,btw of marge auto,"vaartland.nl, auto.nl, mkbservicedesk.nl, financiallease.nl, anwb.nl"
btw,btw omzetbelasting,"belastingdienst.nl, ondernemersplein.overheid.nl, kvk.nl"
btw,btw ondernemers,"belastingdienst.nl, ondernemersplein.overheid.nl, goedestartbelastingdienst.nl, kvk.nl, rabobank.nl"
btw,btw op alcohol,"belastingdienst.nl, btwberekening.nl, sleutelhangers.nl, moore-drv.nl, support.konacom.nl"
btw,btw op boeken,"belastingdienst.nl, ondernemersplein.overheid.nl, boekengilde.nl, klippa.com, cpnb.nl"
btw,btw op eten,"belastingdienst.nl, btwberekening.nl, bvradvies.nl, geenboekhoudernodig.nl, taxlive.nl"
btw,btw op hotelovernachting,"belastingdienst.nl, ondernemersplein.overheid.nl, onderneming.nl, assets.khn.nl, rijksfinancien.nl"
btw,btw op schilderwerk,"belastingdienst.nl, betereschilder.nl, beljaarts.nl, schilder-concurrent.nl, sra.nl"
btw,btw over reiskosten,"goedestartbelastingdienst.nl, wefact.nl, informer.nl, movemove.com, belastingdienst.nl"
btw,btw parkeerkosten,"belastingdienst.nl, onderneming.nl, movemove.com, easypark.com, zzpdaily.nl"
btw,btw percentage,"belastingdienst.nl, onderneming.nl, btwberekenen24.nl, belgium.be, mkbservicedesk.nl"
btw,btw percentage 2025,"belastingdienst.nl, asd-int.com, goedestartbelastingdienst.nl, mkbservicedesk.nl, lto.nl"
btw,btw percentage belgie,"belgium.be, accountable.eu, getgekko.com, b2brouter.net, dezaak.nl"
btw,btw percentage duitsland,"asd-int.com, nedtax.nl, moore-drv.nl, berekenenbtw.net, dezaak.nl"
btw,btw plichtig,"belastingdienst.nl, rabobank.nl, zzp-nederland.nl, stichting.nl, mkbservicedesk.nl"
btw,btw plichtig of niet,"belastingdienst.nl, accountable.eu, zzp-nederland.nl, stichting.nl, rabobank.nl"
btw,btw polen,"asd-int.com, belastingdienst.nl, nl.wikipedia.org, moore-drv.nl, europa.eu"
btw,btw portugal,"asd-int.com, mcs.pt, europa.eu, nl.wikipedia.org, marosavat.com"
btw,btw privégebruik auto 2024,"belastingdienst.nl, goedestartbelastingdienst.nl, vanreeaccountants.nl, jortt.nl, wetten.overheid.nl"
btw,btw q2,"informer.nl, belastingdienst.nl, ondernemersplein.overheid.nl, financien.belgium.be, goedestartbelastingdienst.nl"
btw,btw q2 2025,"belastingdienst.nl, informer.nl, rabobank.nl, kvk.nl, goedestartbelastingdienst.nl"
btw,btw q3,"belastingdienst.nl, informer.nl, incasso.nl, ondernemersplein.overheid.nl, zzpvrienden.nl"
btw,btw quest legion,"curseforge.com, wowinterface.com, btwquests.com, reddit.com, youtube.com"
btw,btw quests,"curseforge.com, wowinterface.com, youtube.com, btwquests.com, reddit.com"
btw,btw quests addon,"curseforge.com, wowinterface.com, youtube.com, btwquests.com, reddit.com"
btw,btw quick fixes,"grantthornton.nl, wetten.overheid.nl, pwc.nl, meijburg.nl, bakertilly.nl"
btw,btw quiz,"lessonup.com, administratiekantoor-fiducie.nl, boekhouden-voor-beginners.nl, studeersnel.nl, brainscape.com"
btw,btw r/c,"gratis-cursus-boekhouden.nl, e-boekhouden.nl, karenadministratie.nl, ficsus.nl, kennisplein.snelstart.nl"
btw,btw recreatiewoning,"topparkenverkoop.nl, belastingdienst.nl, nbceelman.nl, roompotrealestate.nl, hiswarecron.nl"
btw,btw registratienummer,"belastingdienst.nl, ondernemersplein.overheid.nl, kvk.nl, europa.eu, informer.nl"
btw,btw reiskosten,"goedestartbelastingdienst.nl, wefact.nl, informer.nl, belastingdienst.nl, btwadvies.com"
btw,btw rekenmachine,"btwberekenen24.nl, rabobank.nl, btw-calculator.nl, hagra.nl, onlinerekenmachine.com"
btw,btw relatiegeschenken,"belastingdienst.nl, mkbservicedesk.nl, maxilia.nl, relatiegeschenken.nl, drukwerkdeal.nl"
btw,btw representatiekosten,"belastingdienst.nl, buroburmanje.nl, rompslomp.nl, geenboekhoudernodig.nl, onderneming.nl"
btw,btw restaurant,"belastingdienst.nl, zenchef.com, booky.nl, support.konacom.nl, vanpasse.nl"
btw,btw richtlijn,"eur-lex.europa.eu, inview.nl, ecer.minbuza.nl, btwjurisprudentie.nl, abogacia.es"
btw,btw schilder,"belastingdienst.nl, betereschilder.nl, beljaarts.nl, onderhoudnl.nl, schilder-gigant.nl"
btw,btw schilderwerk,"belastingdienst.nl, betereschilder.nl, beljaarts.nl, schilder-concurrent.nl, onderhoudnl.nl"
btw,btw schilderwerk zakelijk,"belastingdienst.nl, betereschilder.nl, uytdehaag.nl, schilder-concurrent.nl, beljaarts.nl"
btw,btw schoonmaak,"belastingdienst.nl, intrakoop.nl, schoonmakendnederland.nl, offerte.nl, bureaucicero.nl"
btw,btw servicekosten 2025,"bdo.nl, pwc.nl, dirkzwager.nl, bakertilly.nl, tomlow-advocaten.nl"
btw,btw sligro,"sligro.nl, mkbservicedesk.nl, webwinkelforum.nl, jortt.nl, sligrofoodgroup.nl"
btw,btw spanje,"stripe.com, belastingenspanje.nl, euroeconomics.com, europa.eu, intervat.com"
btw,btw sportschool,"belastingdienst.nl, sra.nl, business.virtuagym.com, nlactief.nl, pos.nl"
btw,btw stucadoor,"belastingdienst.nl, stuc-concurrent.nl, schilderstucadoors.nl, wandenplafondspuiten.nl, homedeal.nl"
btw,btw suppletie,"belastingdienst.nl, moore-drv.nl, bdo.nl, goedestartbelastingdienst.nl, hertoghsadvocaten.nl"
btw,btw tarief,"belastingdienst.nl, mkbservicedesk.nl, ondernemersplein.overheid.nl, onderneming.nl, goedestartbelastingdienst.nl"
btw,btw tarief belgie,"belgium.be, accountable.eu, asd-int.com, getgekko.com, cultuurloket.be"
btw,btw tarief duitsland,"asd-int.com, nedtax.nl, moore-drv.nl, europa.eu, berekenenbtw.net"
btw,btw tarief schilder,"belastingdienst.nl, betereschilder.nl, beljaarts.nl, sra.nl, onderhoudnl.nl"
btw,btw tarieven 2025,"belastingdienst.nl, asd-int.com, goedestartbelastingdienst.nl, mkbservicedesk.nl, lto.nl"
btw,btw teruggave thuisbatterij,"belastingdienst.nl, essent.nl, zonneplan.nl, de-centrale.nl, energie-transitie.info"
btw,btw terugrekenen,"btwberekenen24.nl, btw-calculator.nl, btwterugrekenen.nl, hagra.nl, rabobank.nl"
btw,btw terugvragen,"belastingdienst.nl, zzp-nederland.nl, boerhof-fd.nl, rabobank.nl, ondernemersplein.overheid.nl"
btw,btw terugvragen buitenland,"belastingdienst.nl, ondernemersplein.overheid.nl, europa.eu, mkbservicedesk.nl, rompslomp.nl"
btw,btw treinkaartje,"belastingdienst.nl, community.ns.nl, klippa.com, klantenservice.keolis.nl, zzpdaily.nl"
btw,btw uber,"uber.com, help.uber.com, jortt.nl, movemove.com, accountable.eu"
btw,btw uit bedrag halen,"btwberekenen24.nl, btwberekening.nl, btw-calculator.nl, btwterugrekenen.nl, hagra.nl"
btw,btw uit een bedrag halen,"btwberekenen24.nl, btwberekening.nl, berekenenbtw.net, btwterugrekenen.nl, btw-calculator.nl"
btw,btw uit eten,"belastingdienst.nl, bvradvies.nl, krcvanelderen.nl, geenboekhoudernodig.nl, bghaccountants.nl"
btw,btw uitleg,"belastingdienst.nl, informer.nl, examenoverzicht.nl, ondernemersplein.overheid.nl, sumup.com"
btw,btw uitstel aanvragen,"belastingdienst.nl, ondernemersplein.overheid.nl, fiscaal-online.nl, bieb.knab.nl, factuurvoldaan.nl"
btw,btw uitvoeringsverordening,"eur-lex.europa.eu, inview.nl, wetten.overheid.nl, ecer.minbuza.nl, eumonitor.nl"
btw,btw uk,"kvk.nl, belastingdienst.nl, stripe.com, canyonzone.nl, informer.nl"
btw,btw usa,"belastingdienst.nl, berekenenbtw.net, kvk.nl, latravia.com, smeetskring.com"
btw,btw vakantiewoning,"belastingdienst.nl, topparkenverkoop.nl, nbceelman.nl, sra.nl, hiswarecron.nl"
btw,btw verhoging,"belastingdienst.nl, rijksoverheid.nl, ondernemersplein.overheid.nl, sra.nl, nos.nl"
btw,btw verhoging hotels,"vipspms.com, ondernemersplein.overheid.nl, belastingdienst.nl, assets.khn.nl, hospitality-management.nl"
btw,btw verhoging recreatie,"belastingdienst.nl, aaff.nl, hiswarecron.nl, weadeltaland.nl, recreatie-vakbeurs.nl"
btw,btw verhuur vakantiewoning 2025,"belastingdienst.nl, sra.nl, hiswarecron.nl, jan.nl, ondernemersplein.overheid.nl"
btw,btw verlegd betekenis,"belastingdienst.nl, mkbservicedesk.nl, informer.nl, accountable.eu, youtube.com"
btw,btw verlegd wanneer,"belastingdienst.nl, goedestartbelastingdienst.nl, dezaak.nl, accountable.eu, mkbservicedesk.nl"
btw,btw vrijstelling,"belastingdienst.nl, geenboekhoudernodig.nl, ondernemersplein.overheid.nl, stichtingenenverenigingenloket.nl, bieb.knab.nl"
btw,btw waarom,"zzpservicedesk.nl, belastingdienst.nl, btw-aangifte.nl, mrchadd.nl, ondernemersplein.overheid.nl"
btw,btw wanneer,"belastingdienst.nl, ondernemersplein.overheid.nl, rijksoverheid.nl, fiscaal-online.nl, rabobank.nl"
btw,btw wanneer 9 of 21,"belastingdienst.nl, rabobank.nl, mkbservicedesk.nl, ondernemersplein.overheid.nl, goedestartbelastingdienst.nl"
btw,btw wanneer betalen,"belastingdienst.nl, ondernemersplein.overheid.nl, goedestartbelastingdienst.nl, rijksoverheid.nl, rabobank.nl"
btw,btw wanneer ingevoerd,"nl.wikipedia.org, anderetijden.nl, dezaak.nl, nos.nl, zzpservicedesk.nl"
btw,btw warmtepomp 2025,"energyprotect.be, warmtepomp-gids.nl, bobex.nl, rvo.nl, livios.be"
btw,btw waterschapsbelasting,"waternet.nl, belastingdienst.nl, klippa.com, ondernemersplein.overheid.nl, hhnk.nl"
btw,btw waterslaeghers,"nl.wikipedia.org, hln.be, fc-de-kampioenen-strips.fandom.com, p-magazine.com, fcdekampioenen.fandom.com"
btw,btw wc papier,"vikingdirect.nl, belastingdienst.nl, succesvolboekhouden.nl, bijdegroothandel.com, mandasschoonmaak.nl"
btw,btw weg ermee 2025,"mediamarkt.nl, dedatumvandaag.nl, bnnvara.nl, tweakers.net, dutchitchannel.nl"
btw,btw weg ermee mediamarkt,"mediamarkt.nl, bnnvara.nl, dedatumvandaag.nl, juist.nl, techtastic.nl"
btw,btw welke,"belastingdienst.nl, rabobank.nl, ondernemersplein.overheid.nl, mkbservicedesk.nl, zzp-nederland.nl"
btw,btw welke maanden,"goedestartbelastingdienst.nl, belastingdienst.nl, ondernemersplein.overheid.nl, informer.nl, fiscaal-online.nl"
btw,btw wet,"wetten.overheid.nl, inview.nl, nl.wikipedia.org, maxius.nl, internetconsultatie.nl"
btw,btw wijn,"belastingdienst.nl, btwberekening.nl, moore-drv.nl, wijnhuis.nl, support.konacom.nl"
btw,btw wijzigingen 2026,"boekhouders.nl, devriestaxadvisors.nl, belastingdienst.nl, pwc.nl, ondernemersplein.overheid.nl"
btw,btw wiki,"nl.wikipedia.org, informer.nl, getgekko.com, wiki.btwce.com, boekhoudplaza.nl"
btw,btw workshops,"belastingdienst.nl, lexlupa.com, moore-mkw.nl, inview.nl, beroepkunstenaar.nl"
btw,btw yoga,"belastingdienst.nl, paperdork.nl, yoganederland.nl, controlplus.org, jonglaan.nl"
btw,btw yoga 2025,"belastingdienst.nl, yoganederland.nl, business.virtuagym.com, aaff.nl, paperdork.nl"
btw,btw yogalessen,"belastingdienst.nl, jonglaan.nl, paperdork.nl, yoganederland.nl, hansbtwadvies.nl"
liquiditeit,aif lage liquiditeit,"beleggingsfondsen.asnbank.nl, delcap.com, fastercapital.com, afm.nl, trustus.nl"
