domain,count
belastingdienst.nl,459
ondernemersplein.overheid.nl,131
rabobank.nl,113
kvk.nl,77
goedestartbelastingdienst.nl,70
bkr.nl,54
europa.eu,53
informer.nl,47
mkbservicedesk.nl,44
nl.wikipedia.org,42
abnamro.nl,38
btwberekenen24.nl,36
rijksoverheid.nl,31
asd-int.com,29
sra.nl,27
mijnkredietregistratie.nl,25
hagra.nl,24
dezaak.nl,20
fiscaal-online.nl,19
wetten.overheid.nl,19
moore-drv.nl,18
bmw.nl,17
accountable.eu,17
zzp-nederland.nl,17
beobank.be,16
jortt.nl,16
aaff.nl,16
berekenenbtw.net,16
taxcel.nl,15
btwberekening.nl,15
youtube.com,15
getgekko.com,15
financien.belgium.be,15
inview.nl,15
rijksfinancien.nl,15
regiobank.nl,14
berekenen.nl,14
btw-bereken.nl,14
stripe.com,14
pwc.nl,14
onderneming.nl,13
belgium.be,13
sligro.nl,13
btwberekeneninfo.nl,12
onzetaal.nl,12
jongbloed-fiscaaljuristen.nl,12
vanpasse.nl,12
gaspedaal.nl,11
viabovag.nl,11
reddit.com,11
paperdork.nl,11
btwadvies.com,11
buroburmanje.nl,11
hiswarecron.nl,11
new10.com,10
ing.nl,10
bnnvara.nl,10
van-poelgeest.nl,10
belfius.be,10
facebook.com,10
wefact.nl,10
controleerbtwnummer.eu,10
sumup.com,10
stichtingenenverenigingenloket.nl,10
staxxer.com,10
faq.nl.freelancer.youngones.com,10
capitalbox.nl,9
bieb.knab.nl,9
anwb.nl,9
autoscout24.nl,9
btw-calculator.nl,9
eumonitor.nl,9
schipperaccountants.nl,9
intervat.com,9
btw-nummer-controle.nl,9
support.konacom.nl,9
geenboekhoudernodig.nl,9
dusseldorpbmw.nl,8
nl.bab.la,8
axp.nl,8
rompslomp.nl,8
bakertilly.nl,8
movemove.com,8
btw-aangifte.nl,8
mediamarkt.nl,8
floryn.com,7
zakelijk.bkr.nl,7
autoweek.nl,7
ortaq.nl,7
berekenhet.nl,7
accountancyvanmorgen.nl,7
financiallease.nl,7
examenoverzicht.nl,7
esj.nl,7
qeld.nl,6
autoriteitpersoonsgegevens.nl,6
ekris.nl,6
higherlevel.nl,6
vaartland.nl,6
auto.nl,6
